{"ljsbghsdf2":{"type":"line","id":"ljsbghsdf2","color":"rgb(0, 139, 2)","size":10,"tool":"Pencil","time":1550561854954,"_children":[{"type":"child","parent":"ljsbghsdf2","x":0,"y":0,"tool":"Pencil"},{"type":"child","parent":"ljsbghsdf2","x":0,"y":0,"tool":"Pencil"},{"type":"child","parent":"ljsbghsdf2","x":0,"y":0,"tool":"Pencil"},{"type":"child","parent":"ljsbghsdf2","x":0,"y":0,"tool":"Pencil"},{"type":"child","parent":"ljsbghsdf2","x":0,"y":0,"tool":"Pencil"},{"type":"child","parent":"ljsbghsdf2","x":0,"y":0,"tool":"Pencil"},{"type":"child","parent":"ljsbghsdf2","x":0,"y":0,"tool":"Pencil"},{"type":"child","parent":"ljsbghsdf2","x":0,"y":0,"tool":"Pencil"},{"type":"child","parent":"ljsbghsdf2","x":0,"y":0,"tool":"Pencil"},{"type":"child","parent":"ljsbghsdf2","x":0,"y":0,"tool":"Pencil"},{"type":"child","parent":"ljsbghsdf2","x":0,"y":0,"tool":"Pencil"},{"type":"child","parent":"ljsbghsdf2","x":0,"y":0,"tool":"Pencil"}]},"ljsbghucmk":{"type":"line","id":"ljsbghucmk","color":"rgb(0, 139, 2)","size":10,"tool":"Pencil","time":1550561857514,"_children":[{"type":"child","parent":"ljsbghucmk","x":0,"y":0,"tool":"Pencil"},{"type":"child","parent":"ljsbghucmk","x":0,"y":0,"tool":"Pencil"},{"type":"child","parent":"ljsbghucmk","x":0,"y":0,"tool":"Pencil"},{"type":"child","parent":"ljsbghucmk","x":0,"y":0,"tool":"Pencil"},{"type":"child","parent":"ljsbghucmk","x":0,"y":0,"tool":"Pencil"},{"type":"child","parent":"ljsbghucmk","x":0,"y":0,"tool":"Pencil"},{"type":"child","parent":"ljsbghucmk","x":0,"y":0,"tool":"Pencil"},{"type":"child","parent":"ljsbghucmk","x":0,"y":0,"tool":"Pencil"},{"type":"child","parent":"ljsbghucmk","x":0,"y":0,"tool":"Pencil"},{"type":"child","parent":"ljsbghucmk","x":0,"y":0,"tool":"Pencil"},{"type":"child","parent":"ljsbghucmk","x":0,"y":0,"tool":"Pencil"},{"type":"child","parent":"ljsbghucmk","x":0,"y":0,"tool":"Pencil"},{"type":"child","parent":"ljsbghucmk","x":0,"y":0,"tool":"Pencil"}]},"ljsbghwmxi":{"type":"line","id":"ljsbghwmxi","color":"rgb(0, 139, 2)","size":10,"tool":"Pencil","time":1550561860476,"_children":[{"type":"child","parent":"ljsbghwmxi","x":0,"y":0,"tool":"Pencil"},{"type":"child","parent":"ljsbghwmxi","x":0,"y":0,"tool":"Pencil"}]},"rjsbglr9ge":{"type":"rect","id":"rjsbglr9ge","color":"rgb(212, 196, 251)","size":10,"x":82,"y":89,"x2":304,"y2":240,"tool":"Rectangle","time":1550562040138},"rjsbgm3hj6":{"type":"rect","id":"rjsbgm3hj6","color":"rgb(212, 196, 251)","size":10,"x":235.60006713867188,"y":242.8000030517578,"x2":589.2000122070312,"y2":538.7999877929688,"tool":"Rectangle","time":1550562055977},"ljsbgm5xu1":{"type":"line","id":"ljsbgm5xu1","color":"rgb(212, 196, 251)","size":10,"tool":"Pencil","time":1550562059153,"_children":[{"type":"child","parent":"ljsbgm5xu1","x":491.6,"y":295.6,"tool":"Pencil"},{"type":"child","parent":"ljsbgm5xu1","x":480.4,"y":295.6,"tool":"Pencil"},{"type":"child","parent":"ljsbgm5xu1","x":202,"y":284.4,"tool":"Pencil"},{"type":"child","parent":"ljsbgm5xu1","x":178,"y":273.2,"tool":"Pencil"},{"type":"child","parent":"ljsbgm5xu1","x":261.2,"y":270,"tool":"Pencil"},{"type":"child","parent":"ljsbgm5xu1","x":658,"y":343.6,"tool":"Pencil"},{"type":"child","parent":"ljsbgm5xu1","x":651.6,"y":350,"tool":"Pencil"},{"type":"child","parent":"ljsbgm5xu1","x":469.2,"y":319.6,"tool":"Pencil"},{"type":"child","parent":"ljsbgm5xu1","x":435.6,"y":313.2,"tool":"Pencil"},{"type":"child","parent":"ljsbgm5xu1","x":442,"y":319.6,"tool":"Pencil"},{"type":"child","parent":"ljsbgm5xu1","x":451.6,"y":329.2,"tool":"Pencil"},{"type":"child","parent":"ljsbgm5xu1","x":437.2,"y":270,"tool":"Pencil"},{"type":"child","parent":"ljsbgm5xu1","x":442,"y":260.4,"tool":"Pencil"},{"type":"child","parent":"ljsbgm5xu1","x":590.8,"y":446,"tool":"Pencil"},{"type":"child","parent":"ljsbgm5xu1","x":579.6,"y":438,"tool":"Pencil"},{"type":"child","parent":"ljsbgm5xu1","x":565.2,"y":369.2,"tool":"Pencil"},{"type":"child","parent":"ljsbgm5xu1","x":547.6,"y":298.8,"tool":"Pencil"},{"type":"child","parent":"ljsbgm5xu1","x":541.2,"y":286,"tool":"Pencil"},{"type":"child","parent":"ljsbgm5xu1","x":563.6,"y":694,"tool":"Pencil"},{"type":"child","parent":"ljsbgm5xu1","x":555.6,"y":684.4,"tool":"Pencil"},{"type":"child","parent":"ljsbgm5xu1","x":474,"y":439.6,"tool":"Pencil"},{"type":"child","parent":"ljsbgm5xu1","x":459.6,"y":383.6,"tool":"Pencil"},{"type":"child","parent":"ljsbgm5xu1","x":555.6,"y":514.8,"tool":"Pencil"},{"type":"child","parent":"ljsbgm5xu1","x":642,"y":638,"tool":"Pencil"},{"type":"child","parent":"ljsbgm5xu1","x":634,"y":612.4,"tool":"Pencil"},{"type":"child","parent":"ljsbgm5xu1","x":557.2,"y":449.2,"tool":"Pencil"},{"type":"child","parent":"ljsbgm5xu1","x":550.8,"y":450.8,"tool":"Pencil"},{"type":"child","parent":"ljsbgm5xu1","x":587.6,"y":655.6,"tool":"Pencil"},{"type":"child","parent":"ljsbgm5xu1","x":565.2,"y":623.6,"tool":"Pencil"},{"type":"child","parent":"ljsbgm5xu1","x":480.4,"y":516.4,"tool":"Pencil"},{"type":"child","parent":"ljsbgm5xu1","x":474,"y":518,"tool":"Pencil"},{"type":"child","parent":"ljsbgm5xu1","x":651.6,"y":714.8,"tool":"Pencil"},{"type":"child","parent":"ljsbgm5xu1","x":419.6,"y":502,"tool":"Pencil"},{"type":"child","parent":"ljsbgm5xu1","x":395.6,"y":482.8,"tool":"Pencil"},{"type":"child","parent":"ljsbgm5xu1","x":403.6,"y":534,"tool":"Pencil"},{"type":"child","parent":"ljsbgm5xu1","x":408.4,"y":543.6,"tool":"Pencil"},{"type":"child","parent":"ljsbgm5xu1","x":349.2,"y":489.2,"tool":"Pencil"},{"type":"child","parent":"ljsbgm5xu1","x":338,"y":487.6,"tool":"Pencil"},{"type":"child","parent":"ljsbgm5xu1","x":466,"y":756.4,"tool":"Pencil"},{"type":"child","parent":"ljsbgm5xu1","x":426,"y":703.6,"tool":"Pencil"},{"type":"child","parent":"ljsbgm5xu1","x":370,"y":626.8,"tool":"Pencil"},{"type":"child","parent":"ljsbgm5xu1","x":368.4,"y":650.8,"tool":"Pencil"},{"type":"child","parent":"ljsbgm5xu1","x":398.8,"y":706.8,"tool":"Pencil"},{"type":"child","parent":"ljsbgm5xu1","x":366.8,"y":630,"tool":"Pencil"},{"type":"child","parent":"ljsbgm5xu1","x":360.4,"y":620.4,"tool":"Pencil"},{"type":"child","parent":"ljsbgm5xu1","x":448.4,"y":838,"tool":"Pencil"},{"type":"child","parent":"ljsbgm5xu1","x":376.4,"y":714.8,"tool":"Pencil"},{"type":"child","parent":"ljsbgm5xu1","x":352.4,"y":663.6,"tool":"Pencil"},{"type":"child","parent":"ljsbgm5xu1","x":445.2,"y":706.8,"tool":"Pencil"},{"type":"child","parent":"ljsbgm5xu1","x":533.2,"y":732.4,"tool":"Pencil"},{"type":"child","parent":"ljsbgm5xu1","x":536.4,"y":572.4,"tool":"Pencil"},{"type":"child","parent":"ljsbgm5xu1","x":536.4,"y":545.2,"tool":"Pencil"},{"type":"child","parent":"ljsbgm5xu1","x":510.8,"y":489.2,"tool":"Pencil"},{"type":"child","parent":"ljsbgm5xu1","x":466,"y":454,"tool":"Pencil"},{"type":"child","parent":"ljsbgm5xu1","x":350.8,"y":574,"tool":"Pencil"},{"type":"child","parent":"ljsbgm5xu1","x":362,"y":633.2,"tool":"Pencil"},{"type":"child","parent":"ljsbgm5xu1","x":507.6,"y":622,"tool":"Pencil"},{"type":"child","parent":"ljsbgm5xu1","x":531.6,"y":572.4,"tool":"Pencil"},{"type":"child","parent":"ljsbgm5xu1","x":443.6,"y":500.4,"tool":"Pencil"},{"type":"child","parent":"ljsbgm5xu1","x":424.4,"y":527.6,"tool":"Pencil"},{"type":"child","parent":"ljsbgm5xu1","x":421.2,"y":590,"tool":"Pencil"},{"type":"child","parent":"ljsbgm5xu1","x":510.8,"y":607.6,"tool":"Pencil"},{"type":"child","parent":"ljsbgm5xu1","x":538,"y":569.2,"tool":"Pencil"},{"type":"child","parent":"ljsbgm5xu1","x":454.8,"y":490.8,"tool":"Pencil"},{"type":"child","parent":"ljsbgm5xu1","x":408.4,"y":506.8,"tool":"Pencil"},{"type":"child","parent":"ljsbgm5xu1","x":389.2,"y":521.2,"tool":"Pencil"}]}}