{
    "iceServers": [{
        "url": "stun:eu-turn1.xirsys.com"
    }, {
        "username": "b06944e4-27f0-11e9-bd13-fb8129e75af9",
        "url": "turn:eu-turn1.xirsys.com:80?transport=udp",
        "credential": "b069458e-27f0-11e9-957e-c7d84ecc1503"
    }, {
        "username": "b06944e4-27f0-11e9-bd13-fb8129e75af9",
        "url": "turn:eu-turn1.xirsys.com:3478?transport=udp",
        "credential": "b069458e-27f0-11e9-957e-c7d84ecc1503"
    }, {
        "username": "b06944e4-27f0-11e9-bd13-fb8129e75af9",
        "url": "turn:eu-turn1.xirsys.com:80?transport=tcp",
        "credential": "b069458e-27f0-11e9-957e-c7d84ecc1503"
    }, {
        "username": "b06944e4-27f0-11e9-bd13-fb8129e75af9",
        "url": "turn:eu-turn1.xirsys.com:3478?transport=tcp",
        "credential": "b069458e-27f0-11e9-957e-c7d84ecc1503"
    }, {
        "username": "b06944e4-27f0-11e9-bd13-fb8129e75af9",
        "url": "turns:eu-turn1.xirsys.com:443?transport=tcp",
        "credential": "b069458e-27f0-11e9-957e-c7d84ecc1503"
    }, {
        "username": "b06944e4-27f0-11e9-bd13-fb8129e75af9",
        "url": "turns:eu-turn1.xirsys.com:5349?transport=tcp",
        "credential": "b069458e-27f0-11e9-957e-c7d84ecc1503"
    }]
}